[u'mc', u'01', u'00000a1e', u'00000000', u'00000000', u'00000000', u'0a9b', u'2e', u'000bb727', u'a0:0']
[u'mr', u'01', u'00000974', u'00000000', u'00000000', u'00000000', u'0a9b', u'2e', u'40494049', u'a0:0']
[u'mc', u'01', u'00000a22', u'00000000', u'00000000', u'00000000', u'0a9c', u'2f', u'000bb83f', u'a0:0']
[u'mr', u'01', u'00000978', u'00000000', u'00000000', u'00000000', u'0a9c', u'2f', u'40494049', u'a0:0']
[u'mc', u'01', u'00000a5b', u'00000000', u'00000000', u'00000000', u'0a9d', u'30', u'000bb958', u'a0:0']
[u'mr', u'01', u'000009b1', u'00000000', u'00000000', u'00000000', u'0a9d', u'30', u'40494049', u'a0:0']
[u'mc', u'01', u'00000a1e', u'00000000', u'00000000', u'00000000', u'0a9e', u'31', u'000bba6f', u'a0:0']
[u'mr', u'01', u'00000974', u'00000000', u'00000000', u'00000000', u'0a9e', u'31', u'40494049', u'a0:0']
[u'mc', u'01', u'00000a48', u'00000000', u'00000000', u'00000000', u'0a9f', u'32', u'000bbb87', u'a0:0']
[u'mr', u'01', u'0000099e', u'00000000', u'00000000', u'00000000', u'0a9f', u'32', u'40494049', u'a0:0']
[u'mc', u'01', u'00000a2c', u'00000000', u'00000000', u'00000000', u'0aa0', u'33', u'000bbca0', u'a0:0']
[u'mr', u'01', u'00000982', u'00000000', u'00000000', u'00000000', u'0aa0', u'33', u'40494049', u'a0:0']
[u'mc', u'01', u'00000a10', u'00000000', u'00000000', u'00000000', u'0aa1', u'34', u'000bbdb7', u'a0:0']
[u'mr', u'01', u'00000966', u'00000000', u'00000000', u'00000000', u'0aa1', u'34', u'40494049', u'a0:0']
[u'mc', u'01', u'00000a27', u'00000000', u'00000000', u'00000000', u'0aa2', u'35', u'000bbecf', u'a0:0']
[u'mr', u'01', u'0000097d', u'00000000', u'00000000', u'00000000', u'0aa2', u'35', u'40494049', u'a0:0']
[u'mc', u'01', u'00000a5b', u'00000000', u'00000000', u'00000000', u'0aa3', u'36', u'000bbfe7', u'a0:0']
[u'mr', u'01', u'000009b1', u'00000000', u'00000000', u'00000000', u'0aa3', u'36', u'40494049', u'a0:0']
[u'mc', u'01', u'00000a4d', u'00000000', u'00000000', u'00000000', u'0aa4', u'37', u'000bc0ff', u'a0:0']
[u'mr', u'01', u'000009a3', u'00000000', u'00000000', u'00000000', u'0aa4', u'37', u'40494049', u'a0:0']
[u'mc', u'01', u'00000a43', u'00000000', u'00000000', u'00000000', u'0aa5', u'38', u'000bc217', u'a0:0']
[u'mr', u'01', u'00000999', u'00000000', u'00000000', u'00000000', u'0aa5', u'38', u'40494049', u'a0:0']
[u'mc', u'01', u'000009f4', u'00000000', u'00000000', u'00000000', u'0aa6', u'39', u'000bc330', u'a0:0']
[u'mr', u'01', u'0000094a', u'00000000', u'00000000', u'00000000', u'0aa6', u'39', u'40494049', u'a0:0']
[u'mc', u'01', u'00000a02', u'00000000', u'00000000', u'00000000', u'0aa7', u'3a', u'000bc447', u'a0:0']
[u'mr', u'01', u'00000958', u'00000000', u'00000000', u'00000000', u'0aa7', u'3a', u'40494049', u'a0:0']
[u'mc', u'01', u'00000a43', u'00000000', u'00000000', u'00000000', u'0aa8', u'3b', u'000bc55f', u'a0:0']
[u'mr', u'01', u'00000999', u'00000000', u'00000000', u'00000000', u'0aa8', u'3b', u'40494049', u'a0:0']
[u'mc', u'01', u'00000a4d', u'00000000', u'00000000', u'00000000', u'0aa9', u'3c', u'000bc677', u'a0:0']
[u'mr', u'01', u'000009a3', u'00000000', u'00000000', u'00000000', u'0aa9', u'3c', u'40494049', u'a0:0']
[u'mc', u'01', u'00000a3a', u'00000000', u'00000000', u'00000000', u'0aaa', u'3d', u'000bc78f', u'a0:0']
[u'mr', u'01', u'00000990', u'00000000', u'00000000', u'00000000', u'0aaa', u'3d', u'40494049', u'a0:0']
[u'mc', u'01', u'00000a22', u'00000000', u'00000000', u'00000000', u'0aab', u'3e', u'000bc8a7', u'a0:0']
[u'mr', u'01', u'00000978', u'00000000', u'00000000', u'00000000', u'0aab', u'3e', u'40494049', u'a0:0']
[u'mc', u'01', u'00000a3f', u'00000000', u'00000000', u'00000000', u'0aac', u'3f', u'000bc9bf', u'a0:0']
[u'mr', u'01', u'00000995', u'00000000', u'00000000', u'00000000', u'0aac', u'3f', u'40494049', u'a0:0']
[u'mc', u'01', u'00000a69', u'00000000', u'00000000', u'00000000', u'0aad', u'40', u'000bcad7', u'a0:0']
[u'mr', u'01', u'000009bf', u'00000000', u'00000000', u'00000000', u'0aad', u'40', u'40494049', u'a0:0']
[u'mc', u'01', u'00000a48', u'00000000', u'00000000', u'00000000', u'0aae', u'41', u'000bcbef', u'a0:0']
[u'mr', u'01', u'0000099e', u'00000000', u'00000000', u'00000000', u'0aae', u'41', u'40494049', u'a0:0']
[u'mc', u'01', u'00000a76', u'00000000', u'00000000', u'00000000', u'0aaf', u'42', u'000bcd07', u'a0:0']
[u'mr', u'01', u'000009d6', u'00000000', u'00000000', u'00000000', u'0aaf', u'42', u'40494049', u'a0:0']
[u'mc', u'01', u'00000a3f', u'00000000', u'00000000', u'00000000', u'0ab0', u'43', u'000bce1f', u'a0:0']
[u'mr', u'01', u'00000995', u'00000000', u'00000000', u'00000000', u'0ab0', u'43', u'40494049', u'a0:0']
[u'mc', u'01', u'00000a0b', u'00000000', u'00000000', u'00000000', u'0ab1', u'44', u'000bcf37', u'a0:0']
[u'mr', u'01', u'00000961', u'00000000', u'00000000', u'00000000', u'0ab1', u'44', u'40494049', u'a0:0']
[u'mc', u'01', u'00000a89', u'00000000', u'00000000', u'00000000', u'0ab2', u'45', u'000bd050', u'a0:0']
[u'mr', u'01', u'000009e9', u'00000000', u'00000000', u'00000000', u'0ab2', u'45', u'40494049', u'a0:0']
[u'mc', u'01', u'00000ab3', u'00000000', u'00000000', u'00000000', u'0ab3', u'46', u'000bd168', u'a0:0']
[u'mr', u'01', u'00000a13', u'00000000', u'00000000', u'00000000', u'0ab3', u'46', u'40494049', u'a0:0']
[u'mc', u'01', u'00000aeb', u'00000000', u'00000000', u'00000000', u'0ab4', u'47', u'000bd27f', u'a0:0']
[u'mr', u'01', u'00000a4b', u'00000000', u'00000000', u'00000000', u'0ab4', u'47', u'40494049', u'a0:0']
[u'mc', u'01', u'00000afe', u'00000000', u'00000000', u'00000000', u'0ab5', u'48', u'000bd398', u'a0:0']
[u'mr', u'01', u'00000a5e', u'00000000', u'00000000', u'00000000', u'0ab5', u'48', u'40494049', u'a0:0']
[u'mc', u'01', u'00000b94', u'00000000', u'00000000', u'00000000', u'0ab6', u'49', u'000bd4af', u'a0:0']
[u'mr', u'01', u'00000afe', u'00000000', u'00000000', u'00000000', u'0ab6', u'49', u'40494049', u'a0:0']
[u'mc', u'01', u'00000ca8', u'00000000', u'00000000', u'00000000', u'0ab7', u'4a', u'000bd5c7', u'a0:0']
[u'mr', u'01', u'00000c12', u'00000000', u'00000000', u'00000000', u'0ab7', u'4a', u'40494049', u'a0:0']
[u'mc', u'01', u'00000b11', u'00000000', u'00000000', u'00000000', u'0ab8', u'4b', u'000bd6e0', u'a0:0']
[u'mr', u'01', u'00000a71', u'00000000', u'00000000', u'00000000', u'0ab8', u'4b', u'40494049', u'a0:0']
[u'mc', u'01', u'00000ac6', u'00000000', u'00000000', u'00000000', u'0ab9', u'4c', u'000bd7f8', u'a0:0']
[u'mr', u'01', u'00000a26', u'00000000', u'00000000', u'00000000', u'0ab9', u'4c', u'40494049', u'a0:0']
[u'mc', u'01', u'00000a51', u'00000000', u'00000000', u'00000000', u'0aba', u'4d', u'000bd90f', u'a0:0']
[u'mr', u'01', u'000009a7', u'00000000', u'00000000', u'00000000', u'0aba', u'4d', u'40494049', u'a0:0']
[u'mc', u'01', u'00000a0b', u'00000000', u'00000000', u'00000000', u'0abb', u'4e', u'000bda27', u'a0:0']
[u'mr', u'01', u'00000961', u'00000000', u'00000000', u'00000000', u'0abb', u'4e', u'40494049', u'a0:0']
[u'mc', u'01', u'00000a27', u'00000000', u'00000000', u'00000000', u'0abc', u'4f', u'000bdb40', u'a0:0']
[u'mr', u'01', u'0000097d', u'00000000', u'00000000', u'00000000', u'0abc', u'4f', u'40494049', u'a0:0']
[u'mc', u'01', u'00000a10', u'00000000', u'00000000', u'00000000', u'0abd', u'50', u'000bdc57', u'a0:0']
[u'mr', u'01', u'00000966', u'00000000', u'00000000', u'00000000', u'0abd', u'50', u'40494049', u'a0:0']
[u'mc', u'01', u'00000a48', u'00000000', u'00000000', u'00000000', u'0abe', u'51', u'000bdd6f', u'a0:0']
[u'mr', u'01', u'0000099e', u'00000000', u'00000000', u'00000000', u'0abe', u'51', u'40494049', u'a0:0']
[u'mc', u'01', u'00000ad9', u'00000000', u'00000000', u'00000000', u'0abf', u'52', u'000bde87', u'a0:0']
[u'mr', u'01', u'00000a39', u'00000000', u'00000000', u'00000000', u'0abf', u'52', u'40494049', u'a0:0']
[u'mc', u'01', u'00000afe', u'00000000', u'00000000', u'00000000', u'0ac0', u'53', u'000bdf9f', u'a0:0']
[u'mr', u'01', u'00000a5e', u'00000000', u'00000000', u'00000000', u'0ac0', u'53', u'40494049', u'a0:0']
[u'mc', u'01', u'00000a6d', u'00000000', u'00000000', u'00000000', u'0ac1', u'54', u'000be0b7', u'a0:0']
[u'mr', u'01', u'000009c3', u'00000000', u'00000000', u'00000000', u'0ac1', u'54', u'40494049', u'a0:0']
[u'mc', u'01', u'000009f8', u'00000000', u'00000000', u'00000000', u'0ac2', u'55', u'000be1cf', u'a0:0']
[u'mr', u'01', u'0000094e', u'00000000', u'00000000', u'00000000', u'0ac2', u'55', u'40494049', u'a0:0']
[u'mc', u'01', u'00000a4d', u'00000000', u'00000000', u'00000000', u'0ac3', u'56', u'000be2e7', u'a0:0']
[u'mr', u'01', u'000009a3', u'00000000', u'00000000', u'00000000', u'0ac3', u'56', u'40494049', u'a0:0']
[u'mc', u'01', u'00000a35', u'00000000', u'00000000', u'00000000', u'0ac4', u'57', u'000be400', u'a0:0']
[u'mr', u'01', u'0000098b', u'00000000', u'00000000', u'00000000', u'0ac4', u'57', u'40494049', u'a0:0']
[u'mc', u'01', u'00000a2c', u'00000000', u'00000000', u'00000000', u'0ac5', u'58', u'000be518', u'a0:0']
[u'mr', u'01', u'00000982', u'00000000', u'00000000', u'00000000', u'0ac5', u'58', u'40494049', u'a0:0']
[u'mc', u'01', u'00000a72', u'00000000', u'00000000', u'00000000', u'0ac6', u'59', u'000be62f', u'a0:0']
[u'mr', u'01', u'000009d2', u'00000000', u'00000000', u'00000000', u'0ac6', u'59', u'40494049', u'a0:0']
[u'mc', u'01', u'00000a9c', u'00000000', u'00000000', u'00000000', u'0ac7', u'5a', u'000be748', u'a0:0']
[u'mr', u'01', u'000009fc', u'00000000', u'00000000', u'00000000', u'0ac7', u'5a', u'40494049', u'a0:0']
[u'mc', u'01', u'00000acf', u'00000000', u'00000000', u'00000000', u'0ac8', u'5b', u'000be860', u'a0:0']
[u'mr', u'01', u'00000a2f', u'00000000', u'00000000', u'00000000', u'0ac8', u'5b', u'40494049', u'a0:0']
[u'mc', u'01', u'00000af0', u'00000000', u'00000000', u'00000000', u'0ac9', u'5c', u'000be977', u'a0:0']
[u'mr', u'01', u'00000a50', u'00000000', u'00000000', u'00000000', u'0ac9', u'5c', u'40494049', u'a0:0']
[u'mc', u'01', u'00000b49', u'00000000', u'00000000', u'00000000', u'0aca', u'5d', u'000bea8f', u'a0:0']
[u'mr', u'01', u'00000aa9', u'00000000', u'00000000', u'00000000', u'0aca', u'5d', u'40494049', u'a0:0']
[u'mc', u'01', u'00000b65', u'00000000', u'00000000', u'00000000', u'0acb', u'5e', u'000beba7', u'a0:0']
[u'mr', u'01', u'00000acf', u'00000000', u'00000000', u'00000000', u'0acb', u'5e', u'40494049', u'a0:0']
[u'mc', u'01', u'00000bab', u'00000000', u'00000000', u'00000000', u'0acc', u'5f', u'000becc0', u'a0:0']
[u'mr', u'01', u'00000b15', u'00000000', u'00000000', u'00000000', u'0acc', u'5f', u'40494049', u'a0:0']
[u'mc', u'01', u'00000be8', u'00000000', u'00000000', u'00000000', u'0acd', u'60', u'000bedd8', u'a0:0']
[u'mr', u'01', u'00000b52', u'00000000', u'00000000', u'00000000', u'0acd', u'60', u'40494049', u'a0:0']
[u'mc', u'01', u'00000c4b', u'00000000', u'00000000', u'00000000', u'0ace', u'61', u'000beef0', u'a0:0']
[u'mr', u'01', u'00000bb5', u'00000000', u'00000000', u'00000000', u'0ace', u'61', u'40494049', u'a0:0']
[u'mc', u'01', u'00000c5d', u'00000000', u'00000000', u'00000000', u'0acf', u'62', u'000bf008', u'a0:0']
[u'mr', u'01', u'00000bc7', u'00000000', u'00000000', u'00000000', u'0acf', u'62', u'40494049', u'a0:0']
[u'mc', u'01', u'00000c83', u'00000000', u'00000000', u'00000000', u'0ad0', u'63', u'000bf11f', u'a0:0']
[u'mr', u'01', u'00000bed', u'00000000', u'00000000', u'00000000', u'0ad0', u'63', u'40494049', u'a0:0']
[u'mc', u'01', u'00000ce1', u'00000000', u'00000000', u'00000000', u'0ad1', u'64', u'000bf237', u'a0:0']
[u'mr', u'01', u'00000c4b', u'00000000', u'00000000', u'00000000', u'0ad1', u'64', u'40494049', u'a0:0']
[u'mc', u'01', u'00000d0b', u'00000000', u'00000000', u'00000000', u'0ad2', u'65', u'000bf34f', u'a0:0']
[u'mr', u'01', u'00000c75', u'00000000', u'00000000', u'00000000', u'0ad2', u'65', u'40494049', u'a0:0']
[u'mc', u'01', u'00000d47', u'00000000', u'00000000', u'00000000', u'0ad3', u'66', u'000bf467', u'a0:0']
[u'mr', u'01', u'00000cbb', u'00000000', u'00000000', u'00000000', u'0ad3', u'66', u'40494049', u'a0:0']
[u'mc', u'01', u'00000d97', u'00000000', u'00000000', u'00000000', u'0ad4', u'67', u'000bf57f', u'a0:0']
[u'mr', u'01', u'00000d0b', u'00000000', u'00000000', u'00000000', u'0ad4', u'67', u'40494049', u'a0:0']
[u'mc', u'01', u'00000dcf', u'00000000', u'00000000', u'00000000', u'0ad5', u'68', u'000bf697', u'a0:0']
[u'mr', u'01', u'00000d43', u'00000000', u'00000000', u'00000000', u'0ad5', u'68', u'40494049', u'a0:0']
[u'mc', u'01', u'00000e0c', u'00000000', u'00000000', u'00000000', u'0ad6', u'69', u'000bf7b0', u'a0:0']
[u'mr', u'01', u'00000d80', u'00000000', u'00000000', u'00000000', u'0ad6', u'69', u'40494049', u'a0:0']
[u'mc', u'01', u'00000e44', u'00000000', u'00000000', u'00000000', u'0ad7', u'6a', u'000bf8c8', u'a0:0']
[u'mr', u'01', u'00000dc2', u'00000000', u'00000000', u'00000000', u'0ad7', u'6a', u'40494049', u'a0:0']
[u'mc', u'01', u'00000e8f', u'00000000', u'00000000', u'00000000', u'0ad8', u'6b', u'000bf9df', u'a0:0']
[u'mr', u'01', u'00000e0d', u'00000000', u'00000000', u'00000000', u'0ad8', u'6b', u'40494049', u'a0:0']
[u'mc', u'01', u'00000eab', u'00000000', u'00000000', u'00000000', u'0ad9', u'6c', u'000bfaf8', u'a0:0']
[u'mr', u'01', u'00000e29', u'00000000', u'00000000', u'00000000', u'0ad9', u'6c', u'40494049', u'a0:0']
[u'mc', u'01', u'00000ecc', u'00000000', u'00000000', u'00000000', u'0ada', u'6d', u'000bfc0f', u'a0:0']
[u'mr', u'01', u'00000e4a', u'00000000', u'00000000', u'00000000', u'0ada', u'6d', u'40494049', u'a0:0']
[u'mc', u'01', u'00000f20', u'00000000', u'00000000', u'00000000', u'0adb', u'6e', u'000bfd27', u'a0:0']
[u'mr', u'01', u'00000e9e', u'00000000', u'00000000', u'00000000', u'0adb', u'6e', u'40494049', u'a0:0']
[u'mc', u'01', u'00000f88', u'00000000', u'00000000', u'00000000', u'0adc', u'6f', u'000bfe3f', u'a0:0']
[u'mr', u'01', u'00000f06', u'00000000', u'00000000', u'00000000', u'0adc', u'6f', u'40494049', u'a0:0']
[u'mc', u'01', u'00000fc5', u'00000000', u'00000000', u'00000000', u'0add', u'70', u'000bff58', u'a0:0']
[u'mr', u'01', u'00000f43', u'00000000', u'00000000', u'00000000', u'0add', u'70', u'40494049', u'a0:0']
[u'mc', u'01', u'00000ff3', u'00000000', u'00000000', u'00000000', u'0ade', u'71', u'000c0070', u'a0:0']
[u'mr', u'01', u'00000f71', u'00000000', u'00000000', u'00000000', u'0ade', u'71', u'40494049', u'a0:0']
[u'mc', u'01', u'0000101d', u'00000000', u'00000000', u'00000000', u'0adf', u'72', u'000c0188', u'a0:0']
[u'mr', u'01', u'00000fa5', u'00000000', u'00000000', u'00000000', u'0adf', u'72', u'40494049', u'a0:0']
[u'mc', u'01', u'0000105a', u'00000000', u'00000000', u'00000000', u'0ae0', u'73', u'000c029f', u'a0:0']
[u'mr', u'01', u'00000fe2', u'00000000', u'00000000', u'00000000', u'0ae0', u'73', u'40494049', u'a0:0']
[u'mc', u'01', u'00001051', u'00000000', u'00000000', u'00000000', u'0ae1', u'74', u'000c03b8', u'a0:0']
[u'mr', u'01', u'00000fd9', u'00000000', u'00000000', u'00000000', u'0ae1', u'74', u'40494049', u'a0:0']
[u'mc', u'01', u'000010aa', u'00000000', u'00000000', u'00000000', u'0ae2', u'75', u'000c04d0', u'a0:0']
[u'mr', u'01', u'00001032', u'00000000', u'00000000', u'00000000', u'0ae2', u'75', u'40494049', u'a0:0']
[u'mc', u'01', u'000010bd', u'00000000', u'00000000', u'00000000', u'0ae3', u'76', u'000c05e7', u'a0:0']
[u'mr', u'01', u'00001045', u'00000000', u'00000000', u'00000000', u'0ae3', u'76', u'40494049', u'a0:0']
[u'mc', u'01', u'000010e2', u'00000000', u'00000000', u'00000000', u'0ae4', u'77', u'000c06ff', u'a0:0']
[u'mr', u'01', u'0000106a', u'00000000', u'00000000', u'00000000', u'0ae4', u'77', u'40494049', u'a0:0']
[u'mc', u'01', u'0000111a', u'00000000', u'00000000', u'00000000', u'0ae5', u'78', u'000c0818', u'a0:0']
[u'mr', u'01', u'000010a2', u'00000000', u'00000000', u'00000000', u'0ae5', u'78', u'40494049', u'a0:0']
[u'mc', u'01', u'00001190', u'00000000', u'00000000', u'00000000', u'0ae6', u'79', u'000c092f', u'a0:0']
[u'mr', u'01', u'00001118', u'00000000', u'00000000', u'00000000', u'0ae6', u'79', u'40494049', u'a0:0']
[u'mc', u'01', u'000011db', u'00000000', u'00000000', u'00000000', u'0ae7', u'7a', u'000c0a47', u'a0:0']
[u'mr', u'01', u'00001163', u'00000000', u'00000000', u'00000000', u'0ae7', u'7a', u'40494049', u'a0:0']
[u'mc', u'01', u'0000122f', u'00000000', u'00000000', u'00000000', u'0ae8', u'7b', u'000c0b5f', u'a0:0']
[u'mr', u'01', u'000011b7', u'00000000', u'00000000', u'00000000', u'0ae8', u'7b', u'40494049', u'a0:0']
[u'mc', u'01', u'00001288', u'00000000', u'00000000', u'00000000', u'0ae9', u'7c', u'000c0c77', u'a0:0']
[u'mr', u'01', u'00001210', u'00000000', u'00000000', u'00000000', u'0ae9', u'7c', u'40494049', u'a0:0']
[u'mc', u'01', u'000012bc', u'00000000', u'00000000', u'00000000', u'0aea', u'7d', u'000c0d8f', u'a0:0']
[u'mr', u'01', u'00001244', u'00000000', u'00000000', u'00000000', u'0aea', u'7d', u'40494049', u'a0:0']
[u'mc', u'01', u'00001310', u'00000000', u'00000000', u'00000000', u'0aeb', u'7e', u'000c0ea7', u'a0:0']
[u'mr', u'01', u'000012a2', u'00000000', u'00000000', u'00000000', u'0aeb', u'7e', u'40494049', u'a0:0']
[u'mc', u'01', u'0000132c', u'00000000', u'00000000', u'00000000', u'0aec', u'7f', u'000c0fbf', u'a0:0']
[u'mr', u'01', u'000012be', u'00000000', u'00000000', u'00000000', u'0aec', u'7f', u'40494049', u'a0:0']
[u'mc', u'01', u'0000132c', u'00000000', u'00000000', u'00000000', u'0aed', u'80', u'000c10d8', u'a0:0']
[u'mr', u'01', u'000012be', u'00000000', u'00000000', u'00000000', u'0aed', u'80', u'40494049', u'a0:0']
[u'mc', u'01', u'00001330', u'00000000', u'00000000', u'00000000', u'0aee', u'81', u'000c11f0', u'a0:0']
[u'mr', u'01', u'000012c2', u'00000000', u'00000000', u'00000000', u'0aee', u'81', u'40494049', u'a0:0']
[u'mc', u'01', u'0000134d', u'00000000', u'00000000', u'00000000', u'0aef', u'82', u'000c1307', u'a0:0']
[u'mr', u'01', u'000012df', u'00000000', u'00000000', u'00000000', u'0aef', u'82', u'40494049', u'a0:0']
[u'mc', u'01', u'00001372', u'00000000', u'00000000', u'00000000', u'0af0', u'83', u'000c141f', u'a0:0']
[u'mr', u'01', u'00001304', u'00000000', u'00000000', u'00000000', u'0af0', u'83', u'40494049', u'a0:0']
[u'mc', u'01', u'000013af', u'00000000', u'00000000', u'00000000', u'0af1', u'84', u'000c1538', u'a0:0']
[u'mr', u'01', u'00001341', u'00000000', u'00000000', u'00000000', u'0af1', u'84', u'40494049', u'a0:0']
[u'mc', u'01', u'000013cb', u'00000000', u'00000000', u'00000000', u'0af2', u'85', u'000c164f', u'a0:0']
[u'mr', u'01', u'0000135d', u'00000000', u'00000000', u'00000000', u'0af2', u'85', u'40494049', u'a0:0']
[u'mc', u'01', u'00001429', u'00000000', u'00000000', u'00000000', u'0af3', u'86', u'000c1767', u'a0:0']
[u'mr', u'01', u'000013bb', u'00000000', u'00000000', u'00000000', u'0af3', u'86', u'40494049', u'a0:0']
[u'mc', u'01', u'00001458', u'00000000', u'00000000', u'00000000', u'0af4', u'87', u'000c187f', u'a0:0']
[u'mr', u'01', u'000013ea', u'00000000', u'00000000', u'00000000', u'0af4', u'87', u'40494049', u'a0:0']
[u'mc', u'01', u'00001490', u'00000000', u'00000000', u'00000000', u'0af5', u'88', u'000c1997', u'a0:0']
[u'mr', u'01', u'00001422', u'00000000', u'00000000', u'00000000', u'0af5', u'88', u'40494049', u'a0:0']
[u'mc', u'01', u'000014a8', u'00000000', u'00000000', u'00000000', u'0af6', u'89', u'000c1ab0', u'a0:0']
[u'mr', u'01', u'0000143a', u'00000000', u'00000000', u'00000000', u'0af6', u'89', u'40494049', u'a0:0']
[u'mc', u'01', u'000014b1', u'00000000', u'00000000', u'00000000', u'0af7', u'8a', u'000c1bc7', u'a0:0']
[u'mr', u'01', u'00001443', u'00000000', u'00000000', u'00000000', u'0af7', u'8a', u'40494049', u'a0:0']
[u'mc', u'01', u'00001518', u'00000000', u'00000000', u'00000000', u'0af8', u'8b', u'000c1cdf', u'a0:0']
[u'mr', u'01', u'000014b4', u'00000000', u'00000000', u'00000000', u'0af8', u'8b', u'40494049', u'a0:0']
[u'mc', u'01', u'000014f7', u'00000000', u'00000000', u'00000000', u'0af9', u'8c', u'000c1df7', u'a0:0']
[u'mr', u'01', u'00001493', u'00000000', u'00000000', u'00000000', u'0af9', u'8c', u'40494049', u'a0:0']
[u'mc', u'01', u'0000153d', u'00000000', u'00000000', u'00000000', u'0afa', u'8d', u'000c1f0f', u'a0:0']
[u'mr', u'01', u'000014d9', u'00000000', u'00000000', u'00000000', u'0afa', u'8d', u'40494049', u'a0:0']
[u'mc', u'01', u'00001547', u'00000000', u'00000000', u'00000000', u'0afb', u'8e', u'000c2027', u'a0:0']
[u'mr', u'01', u'000014e3', u'00000000', u'00000000', u'00000000', u'0afb', u'8e', u'40494049', u'a0:0']
[u'mc', u'01', u'000015a0', u'00000000', u'00000000', u'00000000', u'0afc', u'8f', u'000c213f', u'a0:0']
[u'mr', u'01', u'0000153c', u'00000000', u'00000000', u'00000000', u'0afc', u'8f', u'40494049', u'a0:0']
[u'mc', u'01', u'00001592', u'00000000', u'00000000', u'00000000', u'0afd', u'90', u'000c2257', u'a0:0']
[u'mr', u'01', u'0000152e', u'00000000', u'00000000', u'00000000', u'0afd', u'90', u'40494049', u'a0:0']
[u'mc', u'01', u'00001596', u'00000000', u'00000000', u'00000000', u'0afe', u'91', u'000c236f', u'a0:0']
[u'mr', u'01', u'00001532', u'00000000', u'00000000', u'00000000', u'0afe', u'91', u'40494049', u'a0:0']
[u'mc', u'01', u'00001602', u'00000000', u'00000000', u'00000000', u'0aff', u'92', u'000c2487', u'a0:0']
[u'mr', u'01', u'0000159e', u'00000000', u'00000000', u'00000000', u'0aff', u'92', u'40494049', u'a0:0']
[u'mc', u'01', u'00001610', u'00000000', u'00000000', u'00000000', u'0b00', u'93', u'000c259f', u'a0:0']
[u'mr', u'01', u'000015ac', u'00000000', u'00000000', u'00000000', u'0b00', u'93', u'40494049', u'a0:0']
[u'mc', u'01', u'0000161e', u'00000000', u'00000000', u'00000000', u'0b01', u'94', u'000c26b8', u'a0:0']
[u'mr', u'01', u'000015ba', u'00000000', u'00000000', u'00000000', u'0b01', u'94', u'40494049', u'a0:0']
[u'mc', u'01', u'00001660', u'00000000', u'00000000', u'00000000', u'0b02', u'95', u'000c27cf', u'a0:0']
[u'mr', u'01', u'000015fc', u'00000000', u'00000000', u'00000000', u'0b02', u'95', u'40494049', u'a0:0']
[u'mc', u'01', u'0000164d', u'00000000', u'00000000', u'00000000', u'0b03', u'96', u'000c28e7', u'a0:0']
[u'mr', u'01', u'000015e9', u'00000000', u'00000000', u'00000000', u'0b03', u'96', u'40494049', u'a0:0']
[u'mc', u'01', u'0000169d', u'00000000', u'00000000', u'00000000', u'0b04', u'97', u'000c29ff', u'a0:0']
[u'mr', u'01', u'00001639', u'00000000', u'00000000', u'00000000', u'0b04', u'97', u'40494049', u'a0:0']
[u'mc', u'01', u'000016a2', u'00000000', u'00000000', u'00000000', u'0b05', u'98', u'000c2b17', u'a0:0']
[u'mr', u'01', u'0000163e', u'00000000', u'00000000', u'00000000', u'0b05', u'98', u'40494049', u'a0:0']
[u'mc', u'01', u'00001660', u'00000000', u'00000000', u'00000000', u'0b06', u'99', u'000c2c30', u'a0:0']
[u'mr', u'01', u'000015fc', u'00000000', u'00000000', u'00000000', u'0b06', u'99', u'40494049', u'a0:0']
[u'mc', u'01', u'00001698', u'00000000', u'00000000', u'00000000', u'0b07', u'9a', u'000c2d47', u'a0:0']
[u'mr', u'01', u'00001634', u'00000000', u'00000000', u'00000000', u'0b07', u'9a', u'40494049', u'a0:0']
[u'mc', u'01', u'00001665', u'00000000', u'00000000', u'00000000', u'0b08', u'9b', u'000c2e5f', u'a0:0']
[u'mr', u'01', u'00001601', u'00000000', u'00000000', u'00000000', u'0b08', u'9b', u'40494049', u'a0:0']
[u'mc', u'01', u'000016a2', u'00000000', u'00000000', u'00000000', u'0b09', u'9c', u'000c2f77', u'a0:0']
[u'mr', u'01', u'0000163e', u'00000000', u'00000000', u'00000000', u'0b09', u'9c', u'40494049', u'a0:0']
[u'mc', u'01', u'0000168f', u'00000000', u'00000000', u'00000000', u'0b0a', u'9d', u'000c308f', u'a0:0']
[u'mr', u'01', u'0000162b', u'00000000', u'00000000', u'00000000', u'0b0a', u'9d', u'40494049', u'a0:0']
[u'mc', u'01', u'00001685', u'00000000', u'00000000', u'00000000', u'0b0b', u'9e', u'000c31a7', u'a0:0']
[u'mr', u'01', u'00001621', u'00000000', u'00000000', u'00000000', u'0b0b', u'9e', u'40494049', u'a0:0']
[u'mc', u'01', u'00001669', u'00000000', u'00000000', u'00000000', u'0b0c', u'9f', u'000c32bf', u'a0:0']
[u'mr', u'01', u'00001605', u'00000000', u'00000000', u'00000000', u'0b0c', u'9f', u'40494049', u'a0:0']
[u'mc', u'01', u'00001652', u'00000000', u'00000000', u'00000000', u'0b0d', u'a0', u'000c33d7', u'a0:0']
[u'mr', u'01', u'000015ee', u'00000000', u'00000000', u'00000000', u'0b0d', u'a0', u'40494049', u'a0:0']
[u'mc', u'01', u'00001602', u'00000000', u'00000000', u'00000000', u'0b0e', u'a1', u'000c34ef', u'a0:0']
[u'mr', u'01', u'0000159e', u'00000000', u'00000000', u'00000000', u'0b0e', u'a1', u'40494049', u'a0:0']
[u'mc', u'01', u'0000163f', u'00000000', u'00000000', u'00000000', u'0b0f', u'a2', u'000c3607', u'a0:0']
[u'mr', u'01', u'000015db', u'00000000', u'00000000', u'00000000', u'0b0f', u'a2', u'40494049', u'a0:0']
[u'mc', u'01', u'0000162c', u'00000000', u'00000000', u'00000000', u'0b10', u'a3', u'000c3720', u'a0:0']
[u'mr', u'01', u'000015c8', u'00000000', u'00000000', u'00000000', u'0b10', u'a3', u'40494049', u'a0:0']
[u'mc', u'01', u'00001631', u'00000000', u'00000000', u'00000000', u'0b11', u'a4', u'000c3837', u'a0:0']
[u'mr', u'01', u'000015cd', u'00000000', u'00000000', u'00000000', u'0b11', u'a4', u'40494049', u'a0:0']
[u'mc', u'01', u'0000164d', u'00000000', u'00000000', u'00000000', u'0b12', u'a5', u'000c394f', u'a0:0']
[u'mr', u'01', u'000015e9', u'00000000', u'00000000', u'00000000', u'0b12', u'a5', u'40494049', u'a0:0']
[u'mc', u'01', u'0000166e', u'00000000', u'00000000', u'00000000', u'0b13', u'a6', u'000c3a67', u'a0:0']
[u'mr', u'01', u'0000160a', u'00000000', u'00000000', u'00000000', u'0b13', u'a6', u'40494049', u'a0:0']
[u'mc', u'01', u'000014a8', u'00000000', u'00000000', u'00000000', u'0b14', u'a7', u'000c3b80', u'a0:0']
[u'mr', u'01', u'0000143a', u'00000000', u'00000000', u'00000000', u'0b14', u'a7', u'40494049', u'a0:0']
[u'mc', u'01', u'00001685', u'00000000', u'00000000', u'00000000', u'0b15', u'a8', u'000c3c97', u'a0:0']
[u'mr', u'01', u'00001621', u'00000000', u'00000000', u'00000000', u'0b15', u'a8', u'40494049', u'a0:0']
[u'mc', u'01', u'00001669', u'00000000', u'00000000', u'00000000', u'0b16', u'a9', u'000c3daf', u'a0:0']
[u'mr', u'01', u'00001605', u'00000000', u'00000000', u'00000000', u'0b16', u'a9', u'40494049', u'a0:0']
[u'mc', u'01', u'00001615', u'00000000', u'00000000', u'00000000', u'0b17', u'aa', u'000c3ec7', u'a0:0']
[u'mr', u'01', u'000015b1', u'00000000', u'00000000', u'00000000', u'0b17', u'aa', u'40494049', u'a0:0']
[u'mc', u'01', u'00001660', u'00000000', u'00000000', u'00000000', u'0b18', u'ab', u'000c3fe0', u'a0:0']
[u'mr', u'01', u'000015fc', u'00000000', u'00000000', u'00000000', u'0b18', u'ab', u'40494049', u'a0:0']
[u'mc', u'01', u'000016ab', u'00000000', u'00000000', u'00000000', u'0b19', u'ac', u'000c40f7', u'a0:0']
[u'mr', u'01', u'00001647', u'00000000', u'00000000', u'00000000', u'0b19', u'ac', u'40494049', u'a0:0']
[u'mc', u'01', u'0000163f', u'00000000', u'00000000', u'00000000', u'0b1a', u'ad', u'000c420f', u'a0:0']
[u'mr', u'01', u'000015db', u'00000000', u'00000000', u'00000000', u'0b1a', u'ad', u'40494049', u'a0:0']
[u'mc', u'01', u'0000166e', u'00000000', u'00000000', u'00000000', u'0b1b', u'ae', u'000c4327', u'a0:0']
[u'mr', u'01', u'0000160a', u'00000000', u'00000000', u'00000000', u'0b1b', u'ae', u'40494049', u'a0:0']
[u'mc', u'01', u'0000163f', u'00000000', u'00000000', u'00000000', u'0b1c', u'af', u'000c4440', u'a0:0']
[u'mr', u'01', u'000015db', u'00000000', u'00000000', u'00000000', u'0b1c', u'af', u'40494049', u'a0:0']
[u'mc', u'01', u'0000165b', u'00000000', u'00000000', u'00000000', u'0b1d', u'b0', u'000c4557', u'a0:0']
[u'mr', u'01', u'000015f7', u'00000000', u'00000000', u'00000000', u'0b1d', u'b0', u'40494049', u'a0:0']
[u'mc', u'01', u'000016fa', u'00000000', u'00000000', u'00000000', u'0b1e', u'b1', u'000c466f', u'a0:0']
[u'mr', u'01', u'000016a0', u'00000000', u'00000000', u'00000000', u'0b1e', u'b1', u'40494049', u'a0:0']
[u'mc', u'01', u'000015bc', u'00000000', u'00000000', u'00000000', u'0b1f', u'b2', u'000c4787', u'a0:0']
[u'mr', u'01', u'00001558', u'00000000', u'00000000', u'00000000', u'0b1f', u'b2', u'40494049', u'a0:0']
[u'mc', u'01', u'000016c2', u'00000000', u'00000000', u'00000000', u'0b20', u'b8', u'000c4e17', u'a0:0']
[u'mr', u'01', u'0000165e', u'00000000', u'00000000', u'00000000', u'0b20', u'b8', u'40494049', u'a0:0']
[u'mc', u'01', u'000014e9', u'00000000', u'00000000', u'00000000', u'0b21', u'b9', u'000c4f2f', u'a0:0']
[u'mr', u'01', u'0000147b', u'00000000', u'00000000', u'00000000', u'0b21', u'b9', u'40494049', u'a0:0']
[u'mc', u'01', u'0000176b', u'00000000', u'00000000', u'00000000', u'0b22', u'ba', u'000c5047', u'a0:0']
[u'mr', u'01', u'00001711', u'00000000', u'00000000', u'00000000', u'0b22', u'ba', u'40494049', u'a0:0']
[u'mc', u'01', u'000017e9', u'00000000', u'00000000', u'00000000', u'0b23', u'bb', u'000c5160', u'a0:0']
[u'mr', u'01', u'0000178f', u'00000000', u'00000000', u'00000000', u'0b23', u'bb', u'40494049', u'a0:0']
[u'mc', u'01', u'000017fc', u'00000000', u'00000000', u'00000000', u'0b24', u'bc', u'000c5277', u'a0:0']
[u'mr', u'01', u'000017a2', u'00000000', u'00000000', u'00000000', u'0b24', u'bc', u'40494049', u'a0:0']
[u'mc', u'01', u'00001567', u'00000000', u'00000000', u'00000000', u'0b25', u'bd', u'000c538f', u'a0:0']
[u'mr', u'01', u'00001503', u'00000000', u'00000000', u'00000000', u'0b25', u'bd', u'40494049', u'a0:0']
[u'mc', u'01', u'00001420', u'00000000', u'00000000', u'00000000', u'0b26', u'be', u'000c54a8', u'a0:0']
[u'mr', u'01', u'000013b2', u'00000000', u'00000000', u'00000000', u'0b26', u'be', u'40494049', u'a0:0']
[u'mc', u'01', u'0000185a', u'00000000', u'00000000', u'00000000', u'0b27', u'bf', u'000c55bf', u'a0:0']
[u'mr', u'01', u'00001800', u'00000000', u'00000000', u'00000000', u'0b27', u'bf', u'40494049', u'a0:0']
[u'mc', u'01', u'000016b0', u'00000000', u'00000000', u'00000000', u'0b28', u'c0', u'000c56d7', u'a0:0']
[u'mr', u'01', u'0000164c', u'00000000', u'00000000', u'00000000', u'0b28', u'c0', u'40494049', u'a0:0']
[u'mc', u'01', u'0000154b', u'00000000', u'00000000', u'00000000', u'0b29', u'c1', u'000c57ef', u'a0:0']
[u'mr', u'01', u'000014e7', u'00000000', u'00000000', u'00000000', u'0b29', u'c1', u'40494049', u'a0:0']
[u'mc', u'01', u'000018aa', u'00000000', u'00000000', u'00000000', u'0b2a', u'c2', u'000c5907', u'a0:0']
[u'mr', u'01', u'00001850', u'00000000', u'00000000', u'00000000', u'0b2a', u'c2', u'40494049', u'a0:0']
[u'mc', u'01', u'0000135f', u'00000000', u'00000000', u'00000000', u'0b2b', u'c3', u'000c5a1f', u'a0:0']
[u'mr', u'01', u'000012f1', u'00000000', u'00000000', u'00000000', u'0b2b', u'c3', u'40494049', u'a0:0']
[u'mc', u'01', u'00001923', u'00000000', u'00000000', u'00000000', u'0b2c', u'c4', u'000c5b37', u'a0:0']
[u'mr', u'01', u'000018d3', u'00000000', u'00000000', u'00000000', u'0b2c', u'c4', u'40494049', u'a0:0']
[u'mc', u'01', u'0000161a', u'00000000', u'00000000', u'00000000', u'0b2d', u'c5', u'000c5c4f', u'a0:0']
[u'mr', u'01', u'000015b6', u'00000000', u'00000000', u'00000000', u'0b2d', u'c5', u'40494049', u'a0:0']
[u'mc', u'01', u'00001588', u'00000000', u'00000000', u'00000000', u'0b2e', u'c6', u'000c5d67', u'a0:0']
[u'mr', u'01', u'00001524', u'00000000', u'00000000', u'00000000', u'0b2e', u'c6', u'40494049', u'a0:0']
[u'mc', u'01', u'000013ec', u'00000000', u'00000000', u'00000000', u'0b2f', u'c7', u'000c5e80', u'a0:0']
[u'mr', u'01', u'0000137e', u'00000000', u'00000000', u'00000000', u'0b2f', u'c7', u'40494049', u'a0:0']
[u'mc', u'01', u'000012eb', u'00000000', u'00000000', u'00000000', u'0b30', u'c8', u'000c5f97', u'a0:0']
[u'mr', u'01', u'00001273', u'00000000', u'00000000', u'00000000', u'0b30', u'c8', u'40494049', u'a0:0']
[u'mc', u'01', u'000016b9', u'00000000', u'00000000', u'00000000', u'0b31', u'c9', u'000c60b0', u'a0:0']
[u'mr', u'01', u'00001655', u'00000000', u'00000000', u'00000000', u'0b31', u'c9', u'40494049', u'a0:0']
[u'mc', u'01', u'0000164d', u'00000000', u'00000000', u'00000000', u'0b32', u'ca', u'000c61c7', u'a0:0']
[u'mr', u'01', u'000015e9', u'00000000', u'00000000', u'00000000', u'0b32', u'ca', u'40494049', u'a0:0']
[u'mc', u'01', u'000014a3', u'00000000', u'00000000', u'00000000', u'0b33', u'cb', u'000c62e0', u'a0:0']
[u'mr', u'01', u'00001435', u'00000000', u'00000000', u'00000000', u'0b33', u'cb', u'40494049', u'a0:0']
[u'mc', u'01', u'000013f1', u'00000000', u'00000000', u'00000000', u'0b34', u'cc', u'000c63f7', u'a0:0']
[u'mr', u'01', u'00001383', u'00000000', u'00000000', u'00000000', u'0b34', u'cc', u'40494049', u'a0:0']
[u'mc', u'01', u'0000144a', u'00000000', u'00000000', u'00000000', u'0b35', u'cd', u'000c650f', u'a0:0']
[u'mr', u'01', u'000013dc', u'00000000', u'00000000', u'00000000', u'0b35', u'cd', u'40494049', u'a0:0']
[u'mc', u'01', u'00001b56', u'00000000', u'00000000', u'00000000', u'0b36', u'ce', u'000c6628', u'a0:0']
[u'mr', u'01', u'00001b06', u'00000000', u'00000000', u'00000000', u'0b36', u'ce', u'40494049', u'a0:0']
[u'mc', u'01', u'00001ba1', u'00000000', u'00000000', u'00000000', u'0b37', u'cf', u'000c673f', u'a0:0']
[u'mr', u'01', u'00001b51', u'00000000', u'00000000', u'00000000', u'0b37', u'cf', u'40494049', u'a0:0']
[u'mc', u'01', u'000014ee', u'00000000', u'00000000', u'00000000', u'0b38', u'd0', u'000c6857', u'a0:0']
[u'mr', u'01', u'00001480', u'00000000', u'00000000', u'00000000', u'0b38', u'd0', u'40494049', u'a0:0']
[u'mc', u'01', u'00001416', u'00000000', u'00000000', u'00000000', u'0b39', u'd1', u'000c6970', u'a0:0']
[u'mr', u'01', u'000013a8', u'00000000', u'00000000', u'00000000', u'0b39', u'd1', u'40494049', u'a0:0']
[u'mc', u'01', u'00001039', u'00000000', u'00000000', u'00000000', u'0b3a', u'd4', u'000c6cb7', u'a0:0']
[u'mr', u'01', u'00000fc1', u'00000000', u'00000000', u'00000000', u'0b3a', u'd4', u'40494049', u'a0:0']
[u'mc', u'01', u'0000158d', u'00000000', u'00000000', u'00000000', u'0b3b', u'd5', u'000c6dcf', u'a0:0']
[u'mr', u'01', u'00001529', u'00000000', u'00000000', u'00000000', u'0b3b', u'd5', u'40494049', u'a0:0']
[u'mc', u'01', u'000011ed', u'00000000', u'00000000', u'00000000', u'0b3c', u'd6', u'000c6ee7', u'a0:0']
[u'mr', u'01', u'00001175', u'00000000', u'00000000', u'00000000', u'0b3c', u'd6', u'40494049', u'a0:0']
[u'mc', u'01', u'00001458', u'00000000', u'00000000', u'00000000', u'0b3d', u'd7', u'000c6fff', u'a0:0']
[u'mr', u'01', u'000013ea', u'00000000', u'00000000', u'00000000', u'0b3d', u'd7', u'40494049', u'a0:0']
[u'mc', u'01', u'000013e7', u'00000000', u'00000000', u'00000000', u'0b3e', u'd8', u'000c7117', u'a0:0']
[u'mr', u'01', u'00001379', u'00000000', u'00000000', u'00000000', u'0b3e', u'd8', u'40494049', u'a0:0']
[u'mc', u'01', u'00001259', u'00000000', u'00000000', u'00000000', u'0b3f', u'd9', u'000c722f', u'a0:0']
[u'mr', u'01', u'000011e1', u'00000000', u'00000000', u'00000000', u'0b3f', u'd9', u'40494049', u'a0:0']
[u'mc', u'01', u'00001092', u'00000000', u'00000000', u'00000000', u'0b40', u'da', u'000c7347', u'a0:0']
[u'mr', u'01', u'0000101a', u'00000000', u'00000000', u'00000000', u'0b40', u'da', u'40494049', u'a0:0']
[u'mc', u'01', u'0000100b', u'00000000', u'00000000', u'00000000', u'0b41', u'db', u'000c745f', u'a0:0']
[u'mr', u'01', u'00000f89', u'00000000', u'00000000', u'00000000', u'0b41', u'db', u'40494049', u'a0:0']
[u'mc', u'01', u'00000f2a', u'00000000', u'00000000', u'00000000', u'0b42', u'dc', u'000c7578', u'a0:0']
[u'mr', u'01', u'00000ea8', u'00000000', u'00000000', u'00000000', u'0b42', u'dc', u'40494049', u'a0:0']
[u'mc', u'01', u'00000f91', u'00000000', u'00000000', u'00000000', u'0b43', u'dd', u'000c768f', u'a0:0']
[u'mr', u'01', u'00000f0f', u'00000000', u'00000000', u'00000000', u'0b43', u'dd', u'40494049', u'a0:0']
[u'mc', u'01', u'00000f6b', u'00000000', u'00000000', u'00000000', u'0b44', u'de', u'000c77a8', u'a0:0']
[u'mr', u'01', u'00000ee9', u'00000000', u'00000000', u'00000000', u'0b44', u'de', u'40494049', u'a0:0']
[u'mc', u'01', u'00000e86', u'00000000', u'00000000', u'00000000', u'0b45', u'df', u'000c78bf', u'a0:0']
[u'mr', u'01', u'00000e04', u'00000000', u'00000000', u'00000000', u'0b45', u'df', u'40494049', u'a0:0']
[u'mc', u'01', u'00001051', u'00000000', u'00000000', u'00000000', u'0b46', u'e4', u'000c7e1f', u'a0:0']
[u'mr', u'01', u'00000fd9', u'00000000', u'00000000', u'00000000', u'0b46', u'e4', u'40494049', u'a0:0']
[u'mc', u'01', u'00001221', u'00000000', u'00000000', u'00000000', u'0b47', u'e5', u'000c7f36', u'a0:0']
[u'mr', u'01', u'000011a9', u'00000000', u'00000000', u'00000000', u'0b47', u'e5', u'40494049', u'a0:0']
[u'mc', u'01', u'00001128', u'00000000', u'00000000', u'00000000', u'0b48', u'e6', u'000c804e', u'a0:0']
[u'mr', u'01', u'000010b0', u'00000000', u'00000000', u'00000000', u'0b48', u'e6', u'40494049', u'a0:0']
[u'mc', u'01', u'00001071', u'00000000', u'00000000', u'00000000', u'0b49', u'e7', u'000c8166', u'a0:0']
[u'mr', u'01', u'00000ff9', u'00000000', u'00000000', u'00000000', u'0b49', u'e7', u'40494049', u'a0:0']
[u'mc', u'01', u'0000101d', u'00000000', u'00000000', u'00000000', u'0b4a', u'e8', u'000c827f', u'a0:0']
[u'mr', u'01', u'00000fa5', u'00000000', u'00000000', u'00000000', u'0b4a', u'e8', u'40494049', u'a0:0']
[u'mc', u'01', u'00000f91', u'00000000', u'00000000', u'00000000', u'0b4b', u'e9', u'000c8396', u'a0:0']
[u'mr', u'01', u'00000f0f', u'00000000', u'00000000', u'00000000', u'0b4b', u'e9', u'40494049', u'a0:0']
[u'mc', u'01', u'00000e49', u'00000000', u'00000000', u'00000000', u'0b4c', u'ec', u'000c86de', u'a0:0']
[u'mr', u'01', u'00000dc7', u'00000000', u'00000000', u'00000000', u'0b4c', u'ec', u'40494049', u'a0:0']
[u'mc', u'01', u'00000d92', u'00000000', u'00000000', u'00000000', u'0b4d', u'ed', u'000c87f7', u'a0:0']
[u'mr', u'01', u'00000d06', u'00000000', u'00000000', u'00000000', u'0b4d', u'ed', u'40494049', u'a0:0']
[u'mc', u'01', u'00000d1e', u'00000000', u'00000000', u'00000000', u'0b4e', u'ee', u'000c890f', u'a0:0']
[u'mr', u'01', u'00000c88', u'00000000', u'00000000', u'00000000', u'0b4e', u'ee', u'40494049', u'a0:0']
[u'mc', u'01', u'00000b5c', u'00000000', u'00000000', u'00000000', u'0b4f', u'f1', u'000c8c56', u'a0:0']
[u'mr', u'01', u'00000abc', u'00000000', u'00000000', u'00000000', u'0b4f', u'f1', u'40494049', u'a0:0']
[u'mc', u'01', u'00000af0', u'00000000', u'00000000', u'00000000', u'0b50', u'f2', u'000c8d6e', u'a0:0']
[u'mr', u'01', u'00000a50', u'00000000', u'00000000', u'00000000', u'0b50', u'f2', u'40494049', u'a0:0']
[u'mc', u'01', u'00000a84', u'00000000', u'00000000', u'00000000', u'0b51', u'f3', u'000c8e86', u'a0:0']
[u'mr', u'01', u'000009e4', u'00000000', u'00000000', u'00000000', u'0b51', u'f3', u'40494049', u'a0:0']
[u'mc', u'01', u'00000a4d', u'00000000', u'00000000', u'00000000', u'0b52', u'f4', u'000c8f9e', u'a0:0']
[u'mr', u'01', u'000009a3', u'00000000', u'00000000', u'00000000', u'0b52', u'f4', u'40494049', u'a0:0']
[u'mc', u'01', u'00000e73', u'00000000', u'00000000', u'00000000', u'0b53', u'f5', u'000c90b6', u'a0:0']
[u'mr', u'01', u'00000df1', u'00000000', u'00000000', u'00000000', u'0b53', u'f5', u'40494049', u'a0:0']
[u'mc', u'01', u'00000e28', u'00000000', u'00000000', u'00000000', u'0b54', u'f6', u'000c91ce', u'a0:0']
[u'mr', u'01', u'00000d9c', u'00000000', u'00000000', u'00000000', u'0b54', u'f6', u'40494049', u'a0:0']
[u'mc', u'01', u'000009a8', u'00000000', u'00000000', u'00000000', u'0b55', u'f7', u'000c92e6', u'a0:0']
[u'mr', u'01', u'000008fe', u'00000000', u'00000000', u'00000000', u'0b55', u'f7', u'40494049', u'a0:0']
[u'mc', u'01', u'00000da0', u'00000000', u'00000000', u'00000000', u'0b56', u'f8', u'000c93fe', u'a0:0']
[u'mr', u'01', u'00000d14', u'00000000', u'00000000', u'00000000', u'0b56', u'f8', u'40494049', u'a0:0']
[u'mc', u'01', u'00000dd4', u'00000000', u'00000000', u'00000000', u'0b57', u'f9', u'000c9516', u'a0:0']
[u'mr', u'01', u'00000d48', u'00000000', u'00000000', u'00000000', u'0b57', u'f9', u'40494049', u'a0:0']
[u'mc', u'01', u'00000d68', u'00000000', u'00000000', u'00000000', u'0b58', u'fa', u'000c962e', u'a0:0']
[u'mr', u'01', u'00000cdc', u'00000000', u'00000000', u'00000000', u'0b58', u'fa', u'40494049', u'a0:0']
[u'mc', u'01', u'00000d43', u'00000000', u'00000000', u'00000000', u'0b59', u'fb', u'000c9746', u'a0:0']
[u'mr', u'01', u'00000cad', u'00000000', u'00000000', u'00000000', u'0b59', u'fb', u'40494049', u'a0:0']
[u'mc', u'01', u'00000ca8', u'00000000', u'00000000', u'00000000', u'0b5a', u'fc', u'000c985e', u'a0:0']
[u'mr', u'01', u'00000c12', u'00000000', u'00000000', u'00000000', u'0b5a', u'fc', u'40494049', u'a0:0']
[u'mc', u'01', u'00000c67', u'00000000', u'00000000', u'00000000', u'0b5b', u'fd', u'000c9976', u'a0:0']
[u'mr', u'01', u'00000bd1', u'00000000', u'00000000', u'00000000', u'0b5b', u'fd', u'40494049', u'a0:0']
[u'mc', u'01', u'00000c88', u'00000000', u'00000000', u'00000000', u'0b5c', u'fe', u'000c9a8e', u'a0:0']
[u'mr', u'01', u'00000bf2', u'00000000', u'00000000', u'00000000', u'0b5c', u'fe', u'40494049', u'a0:0']
[u'mc', u'01', u'00000b94', u'00000000', u'00000000', u'00000000', u'0b5d', u'ff', u'000c9ba6', u'a0:0']
[u'mr', u'01', u'00000afe', u'00000000', u'00000000', u'00000000', u'0b5d', u'ff', u'40494049', u'a0:0']
[u'mc', u'01', u'00001022', u'00000000', u'00000000', u'00000000', u'0b5e', u'00', u'000c9cbe', u'a0:0']
[u'mr', u'01', u'00000faa', u'00000000', u'00000000', u'00000000', u'0b5e', u'00', u'40494049', u'a0:0']
[u'mc', u'01', u'00000b65', u'00000000', u'00000000', u'00000000', u'0b5f', u'01', u'000c9dd6', u'a0:0']
[u'mr', u'01', u'00000acf', u'00000000', u'00000000', u'00000000', u'0b5f', u'01', u'40494049', u'a0:0']
[u'mc', u'01', u'00000b4e', u'00000000', u'00000000', u'00000000', u'0b60', u'02', u'000c9eee', u'a0:0']
[u'mr', u'01', u'00000aae', u'00000000', u'00000000', u'00000000', u'0b60', u'02', u'40494049', u'a0:0']
[u'mc', u'01', u'00000b37', u'00000000', u'00000000', u'00000000', u'0b61', u'03', u'000ca006', u'a0:0']
[u'mr', u'01', u'00000a97', u'00000000', u'00000000', u'00000000', u'0b61', u'03', u'40494049', u'a0:0']
[u'mc', u'01', u'00000afa', u'00000000', u'00000000', u'00000000', u'0b62', u'04', u'000ca11e', u'a0:0']
[u'mr', u'01', u'00000a5a', u'00000000', u'00000000', u'00000000', u'0b62', u'04', u'40494049', u'a0:0']
[u'mc', u'01', u'00000b28', u'00000000', u'00000000', u'00000000', u'0b63', u'05', u'000ca236', u'a0:0']
[u'mr', u'01', u'00000a88', u'00000000', u'00000000', u'00000000', u'0b63', u'05', u'40494049', u'a0:0']
[u'mc', u'01', u'00000ae2', u'00000000', u'00000000', u'00000000', u'0b64', u'06', u'000ca34e', u'a0:0']
[u'mr', u'01', u'00000a42', u'00000000', u'00000000', u'00000000', u'0b64', u'06', u'40494049', u'a0:0']
[u'mc', u'01', u'00000b03', u'00000000', u'00000000', u'00000000', u'0b65', u'07', u'000ca466', u'a0:0']
[u'mr', u'01', u'00000a63', u'00000000', u'00000000', u'00000000', u'0b65', u'07', u'40494049', u'a0:0']
[u'mc', u'01', u'00000f83', u'00000000', u'00000000', u'00000000', u'0b66', u'08', u'000ca57e', u'a0:0']
[u'mr', u'01', u'00000f01', u'00000000', u'00000000', u'00000000', u'0b66', u'08', u'40494049', u'a0:0']
[u'mc', u'01', u'00000f12', u'00000000', u'00000000', u'00000000', u'0b67', u'09', u'000ca696', u'a0:0']
[u'mr', u'01', u'00000e90', u'00000000', u'00000000', u'00000000', u'0b67', u'09', u'40494049', u'a0:0']
[u'mc', u'01', u'00000add', u'00000000', u'00000000', u'00000000', u'0b68', u'0a', u'000ca7ae', u'a0:0']
[u'mr', u'01', u'00000a3d', u'00000000', u'00000000', u'00000000', u'0b68', u'0a', u'40494049', u'a0:0']
[u'mc', u'01', u'00000f17', u'00000000', u'00000000', u'00000000', u'0b69', u'0b', u'000ca8c6', u'a0:0']
[u'mr', u'01', u'00000e95', u'00000000', u'00000000', u'00000000', u'0b69', u'0b', u'40494049', u'a0:0']
[u'mc', u'01', u'00000f09', u'00000000', u'00000000', u'00000000', u'0b6a', u'0c', u'000ca9de', u'a0:0']
[u'mr', u'01', u'00000e87', u'00000000', u'00000000', u'00000000', u'0b6a', u'0c', u'40494049', u'a0:0']
[u'mc', u'01', u'00000f04', u'00000000', u'00000000', u'00000000', u'0b6b', u'0d', u'000caaf6', u'a0:0']
[u'mr', u'01', u'00000e82', u'00000000', u'00000000', u'00000000', u'0b6b', u'0d', u'40494049', u'a0:0']
[u'mc', u'01', u'00000ee8', u'00000000', u'00000000', u'00000000', u'0b6c', u'0e', u'000cac0e', u'a0:0']
[u'mr', u'01', u'00000e66', u'00000000', u'00000000', u'00000000', u'0b6c', u'0e', u'40494049', u'a0:0']
[u'mc', u'01', u'00000a92', u'00000000', u'00000000', u'00000000', u'0b6d', u'0f', u'000cad26', u'a0:0']
[u'mr', u'01', u'000009f2', u'00000000', u'00000000', u'00000000', u'0b6d', u'0f', u'40494049', u'a0:0']
[u'mc', u'01', u'00000ebe', u'00000000', u'00000000', u'00000000', u'0b6e', u'10', u'000cae3e', u'a0:0']
[u'mr', u'01', u'00000e3c', u'00000000', u'00000000', u'00000000', u'0b6e', u'10', u'40494049', u'a0:0']
[u'mc', u'01', u'00000a7b', u'00000000', u'00000000', u'00000000', u'0b6f', u'11', u'000caf56', u'a0:0']
[u'mr', u'01', u'000009db', u'00000000', u'00000000', u'00000000', u'0b6f', u'11', u'40494049', u'a0:0']
[u'mc', u'01', u'00000a89', u'00000000', u'00000000', u'00000000', u'0b70', u'12', u'000cb06e', u'a0:0']
[u'mr', u'01', u'000009e9', u'00000000', u'00000000', u'00000000', u'0b70', u'12', u'40494049', u'a0:0']
[u'mc', u'01', u'00000a97', u'00000000', u'00000000', u'00000000', u'0b71', u'13', u'000cb186', u'a0:0']
[u'mr', u'01', u'000009f7', u'00000000', u'00000000', u'00000000', u'0b71', u'13', u'40494049', u'a0:0']
[u'mc', u'01', u'00000a5b', u'00000000', u'00000000', u'00000000', u'0b72', u'14', u'000cb29e', u'a0:0']
[u'mr', u'01', u'000009b1', u'00000000', u'00000000', u'00000000', u'0b72', u'14', u'40494049', u'a0:0']
[u'mc', u'01', u'00000bcc', u'00000000', u'00000000', u'00000000', u'0b73', u'15', u'000cb3b6', u'a0:0']
[u'mr', u'01', u'00000b36', u'00000000', u'00000000', u'00000000', u'0b73', u'15', u'40494049', u'a0:0']
[u'mc', u'01', u'00000f88', u'00000000', u'00000000', u'00000000', u'0b74', u'16', u'000cb4ce', u'a0:0']
[u'mr', u'01', u'00000f06', u'00000000', u'00000000', u'00000000', u'0b74', u'16', u'40494049', u'a0:0']
[u'mc', u'01', u'00000b6a', u'00000000', u'00000000', u'00000000', u'0b75', u'17', u'000cb5e6', u'a0:0']
[u'mr', u'01', u'00000ad4', u'00000000', u'00000000', u'00000000', u'0b75', u'17', u'40494049', u'a0:0']
[u'mc', u'01', u'00000c59', u'00000000', u'00000000', u'00000000', u'0b76', u'18', u'000cb6fe', u'a0:0']
[u'mr', u'01', u'00000bc3', u'00000000', u'00000000', u'00000000', u'0b76', u'18', u'40494049', u'a0:0']
[u'mc', u'01', u'00000e32', u'00000000', u'00000000', u'00000000', u'0b77', u'19', u'000cb816', u'a0:0']
[u'mr', u'01', u'00000da6', u'00000000', u'00000000', u'00000000', u'0b77', u'19', u'40494049', u'a0:0']
[u'mc', u'01', u'00000df0', u'00000000', u'00000000', u'00000000', u'0b78', u'1a', u'000cb92e', u'a0:0']
[u'mr', u'01', u'00000d64', u'00000000', u'00000000', u'00000000', u'0b78', u'1a', u'40494049', u'a0:0']
[u'mc', u'01', u'00000a22', u'00000000', u'00000000', u'00000000', u'0b79', u'1b', u'000cba46', u'a0:0']
[u'mr', u'01', u'00000978', u'00000000', u'00000000', u'00000000', u'0b79', u'1b', u'40494049', u'a0:0']
[u'mc', u'01', u'00000acb', u'00000000', u'00000000', u'00000000', u'0b7a', u'1c', u'000cbb5e', u'a0:0']
[u'mr', u'01', u'00000a2b', u'00000000', u'00000000', u'00000000', u'0b7a', u'1c', u'40494049', u'a0:0']
[u'mc', u'01', u'00000b98', u'00000000', u'00000000', u'00000000', u'0b7b', u'1d', u'000cbc76', u'a0:0']
[u'mr', u'01', u'00000b02', u'00000000', u'00000000', u'00000000', u'0b7b', u'1d', u'40494049', u'a0:0']
[u'mc', u'01', u'00000c2e', u'00000000', u'00000000', u'00000000', u'0b7c', u'1e', u'000cbd8e', u'a0:0']
[u'mr', u'01', u'00000b98', u'00000000', u'00000000', u'00000000', u'0b7c', u'1e', u'40494049', u'a0:0']
[u'mc', u'01', u'00000d06', u'00000000', u'00000000', u'00000000', u'0b7d', u'1f', u'000cbea6', u'a0:0']
[u'mr', u'01', u'00000c70', u'00000000', u'00000000', u'00000000', u'0b7d', u'1f', u'40494049', u'a0:0']
[u'mc', u'01', u'00000918', u'00000000', u'00000000', u'00000000', u'0b7e', u'20', u'000cbfbe', u'a0:0']
[u'mr', u'01', u'00000864', u'00000000', u'00000000', u'00000000', u'0b7e', u'20', u'40494049', u'a0:0']
[u'mc', u'01', u'00000988', u'00000000', u'00000000', u'00000000', u'0b7f', u'21', u'000cc0d6', u'a0:0']
[u'mr', u'01', u'000008de', u'00000000', u'00000000', u'00000000', u'0b7f', u'21', u'40494049', u'a0:0']
[u'mc', u'01', u'00000a0b', u'00000000', u'00000000', u'00000000', u'0b80', u'22', u'000cc1ee', u'a0:0']
[u'mr', u'01', u'00000961', u'00000000', u'00000000', u'00000000', u'0b80', u'22', u'40494049', u'a0:0']
[u'mc', u'01', u'00000b5c', u'00000000', u'00000000', u'00000000', u'0b81', u'23', u'000cc306', u'a0:0']
[u'mr', u'01', u'00000abc', u'00000000', u'00000000', u'00000000', u'0b81', u'23', u'40494049', u'a0:0']
[u'mc', u'01', u'00000ba2', u'00000000', u'00000000', u'00000000', u'0b82', u'24', u'000cc41e', u'a0:0']
[u'mr', u'01', u'00000b0c', u'00000000', u'00000000', u'00000000', u'0b82', u'24', u'40494049', u'a0:0']
[u'mc', u'01', u'00000c33', u'00000000', u'00000000', u'00000000', u'0b83', u'25', u'000cc536', u'a0:0']
[u'mr', u'01', u'00000b9d', u'00000000', u'00000000', u'00000000', u'0b83', u'25', u'40494049', u'a0:0']
[u'mc', u'01', u'00000ce1', u'00000000', u'00000000', u'00000000', u'0b84', u'26', u'000cc64e', u'a0:0']
[u'mr', u'01', u'00000c4b', u'00000000', u'00000000', u'00000000', u'0b84', u'26', u'40494049', u'a0:0']
[u'mc', u'01', u'00000d3a', u'00000000', u'00000000', u'00000000', u'0b85', u'27', u'000cc766', u'a0:0']
[u'mr', u'01', u'00000ca4', u'00000000', u'00000000', u'00000000', u'0b85', u'27', u'40494049', u'a0:0']
[u'mc', u'01', u'00000e3b', u'00000000', u'00000000', u'00000000', u'0b86', u'28', u'000cc87e', u'a0:0']
[u'mr', u'01', u'00000db9', u'00000000', u'00000000', u'00000000', u'0b86', u'28', u'40494049', u'a0:0']
[u'mc', u'01', u'00000aa0', u'00000000', u'00000000', u'00000000', u'0b87', u'29', u'000cc996', u'a0:0']
[u'mr', u'01', u'00000a00', u'00000000', u'00000000', u'00000000', u'0b87', u'29', u'40494049', u'a0:0']
[u'mc', u'01', u'00000b60', u'00000000', u'00000000', u'00000000', u'0b88', u'2a', u'000ccaae', u'a0:0']
[u'mr', u'01', u'00000aca', u'00000000', u'00000000', u'00000000', u'0b88', u'2a', u'40494049', u'a0:0']
[u'mc', u'01', u'00000c67', u'00000000', u'00000000', u'00000000', u'0b89', u'2b', u'000ccbc6', u'a0:0']
... logging to /home/usl/.ros/log/d76cc166-75b6-11ed-8252-70c94e9d4393/roslaunch-usl-Predator-G3-571-4373.log
Checking log directory for disk usage. This may take a while.
Press Ctrl-C to interrupt
Done checking log file disk usage. Usage is <1GB.
]2;/home/usl/catkin_ws/src/decawave_ros/launch/decawave_publisher.launch
[1mstarted roslaunch server http://usl-Predator-G3-571:39109/[0m

SUMMARY
========

PARAMETERS
 * /DecawaveNode/baud: 9600
 * /DecawaveNode/port: /dev/ttyACM0
 * /rosdistro: melodic
 * /rosversion: 1.14.13

NODES
  /
    DecawaveNode (decawave_ros/DecawaveNode)

[1mROS_MASTER_URI=http://localhost:11311[0m
]2;/home/usl/catkin_ws/src/decawave_ros/launch/decawave_publisher.launch http://localhost:11311
[1mprocess[DecawaveNode-1]: started with pid [4388][0m
[DecawaveNode-1] killing on exit
shutting down processing monitor...
... shutting down processing monitor complete
[1mdone[0m
